"conversation_id","created_at","favorite_count","full_text","hashtags/0","hashtags/1","hashtags/2","hashtags/3","id","is_pinned","is_quote_tweet","is_retweet","is_truncated","media/0/media_url","media/0/type","media/0/video_url","media/1/media_url","media/1/type","media/2/media_url","media/2/type","media/3/media_url","media/3/type","quote_count","quoted_tweet/#sort_index","quoted_tweet/conversation_id","quoted_tweet/created_at","quoted_tweet/favorite_count","quoted_tweet/full_text","quoted_tweet/hashtags/0","quoted_tweet/hashtags/1","quoted_tweet/hashtags/2","quoted_tweet/hashtags/3","quoted_tweet/id","quoted_tweet/is_pinned","quoted_tweet/is_quote_tweet","quoted_tweet/is_retweet","quoted_tweet/is_truncated","quoted_tweet/media/0/media_url","quoted_tweet/media/0/type","quoted_tweet/media/0/video_url","quoted_tweet/media/1/media_url","quoted_tweet/media/1/type","quoted_tweet/media/2/media_url","quoted_tweet/media/2/type","quoted_tweet/quote_count","quoted_tweet/reply_count","quoted_tweet/retweet_count","quoted_tweet/url","quoted_tweet/user_id","quoted_tweet/user_mentions/0/id_str","quoted_tweet/user_mentions/0/name","quoted_tweet/user_mentions/0/profile","quoted_tweet/user_mentions/0/screen_name","quoted_tweet/user_mentions/1/id_str","quoted_tweet/user_mentions/1/name","quoted_tweet/user_mentions/1/profile","quoted_tweet/user_mentions/1/screen_name","quoted_tweet/username","quoted_tweet/view_count","reply_count","retweet_count","startUrl","url","urls/0/display_url","urls/0/expanded_url","urls/0/url","user_id","user_mentions/0/id_str","user_mentions/0/name","user_mentions/0/profile","user_mentions/0/screen_name","user_mentions/1/id_str","user_mentions/1/name","user_mentions/1/profile","user_mentions/1/screen_name","username","view_count"
"1310306271418109953","2020-09-27T19:52:14.000Z","74887","Someone wake me up 💡",,,,,"1310306271418109953","false","false","false","false",,,,,,,,,,"1035",,,,,,,,,,,,,,,,,,,,,,,,,,,,,,,,,,,,,"7336","11223","https://twitter.com/itsLaycon/with_replies","https://twitter.com/itsLaycon/status/1310306271418109953",,,,"427929010",,,,,,,,,"itsLaycon",
"1314116761420271616","2020-10-08T08:13:45.000Z","72936","Define grace.. https://t.co/EXpGgozEs4",,,,,"1314116761420271616","false","false","false","false","https://pbs.twimg.com/media/EjyuOErWAAEd08-.jpg","photo",,,,,,,,"652",,,,,,,,,,,,,,,,,,,,,,,,,,,,,,,,,,,,,"2852","6933","https://twitter.com/itsLaycon/with_replies","https://twitter.com/itsLaycon/status/1314116761420271616",,,,"427929010",,,,,,,,,"itsLaycon",
"1313528454869069828","2020-10-06T17:16:02.000Z","67301","Ogun State Youth Ambassador 💡",,,,,"1313528454869069828","false","false","false","false",,,,,,,,,,"759",,,,,,,,,,,,,,,,,,,,,,,,,,,,,,,,,,,,,"3639","7823","https://twitter.com/itsLaycon/with_replies","https://twitter.com/itsLaycon/status/1313528454869069828",,,,"427929010",,,,,,,,,"itsLaycon",
"1311219640350257152","2020-09-30T08:21:38.000Z","59654","Looking through all the iCON love.. UNA TOO MUCH ABEG! 💡 https://t.co/CQ25TwXlVF",,,,,"1311219640350257152","false","false","false","false","https://pbs.twimg.com/media/EjJjTouX0AAfdZ3.jpg","photo",,,,,,,,"304",,,,,,,,,,,,,,,,,,,,,,,,,,,,,,,,,,,,,"2210","5733","https://twitter.com/itsLaycon/with_replies","https://twitter.com/itsLaycon/status/1311219640350257152",,,,"427929010",,,,,,,,,"itsLaycon",
"1325232351396376576","2020-11-08T00:23:08.000Z","58380","Go go go Conny! Its your birthday!!!! https://t.co/TTOfRbwebp",,,,,"1325232351396376576","false","false","false","false","https://pbs.twimg.com/media/EmQrymNW8AMS_SA.jpg","photo",,,,,,,,"2558",,,,,,,,,,,,,,,,,,,,,,,,,,,,,,,,,,,,,"6834","8356","https://twitter.com/itsLaycon/with_replies","https://twitter.com/itsLaycon/status/1325232351396376576",,,,"427929010",,,,,,,,,"itsLaycon",
"1313151605123014657","2020-10-05T16:18:34.000Z","56788","Girl you got me changing ways 🎶 
#LayconXComeWithMe https://t.co/nKlwOIQtn3","LayconXComeWithMe",,,,"1313151605123014657","false","false","false","false","https://pbs.twimg.com/media/EjlAY2XX0AENMJ5.jpg","photo",,,,,,,,"626",,,,,,,,,,,,,,,,,,,,,,,,,,,,,,,,,,,,,"2529","6422","https://twitter.com/itsLaycon/with_replies","https://twitter.com/itsLaycon/status/1313151605123014657",,,,"427929010",,,,,,,,,"itsLaycon",
"1311626575788507136","2020-10-01T11:18:39.000Z","52541","#LayconMediaTour 🔥 https://t.co/bTmkJdW0Xh","LayconMediaTour",,,,"1311626575788507136","false","false","false","false","https://pbs.twimg.com/media/EjPVag8XYAAyuiC.jpg","photo",,,,,,,,"384",,,,,,,,,,,,,,,,,,,,,,,,,,,,,,,,,,,,,"1545","5016","https://twitter.com/itsLaycon/with_replies","https://twitter.com/itsLaycon/status/1311626575788507136",,,,"427929010",,,,,,,,,"itsLaycon",
"1329166188119789574","2020-11-18T20:54:48.000Z","50244","I will be a billionaire. 
🙏🏽♥️",,,,,"1329166188119789574","false","false","false","false",,,,,,,,,,"1534",,,,,,,,,,,,,,,,,,,,,,,,,,,,,,,,,,,,,"2713","5067","https://twitter.com/itsLaycon/with_replies","https://twitter.com/itsLaycon/status/1329166188119789574",,,,"427929010",,,,,,,,,"itsLaycon",
"1320429078772633600","2020-10-25T18:16:39.000Z","48103","Going through my mentions and I see  my FANmily #iCONs have missed me.
The love from my FANmily is still 100%.
❤️+💡 https://t.co/wl73g5YrvO","iCONs",,,,"1320429078772633600","false","false","false","false","https://pbs.twimg.com/media/ElMbP6sWMAAo7Wr.jpg","photo",,,,,,,,"550",,,,,,,,,,,,,,,,,,,,,,,,,,,,,,,,,,,,,"2319","6550","https://twitter.com/itsLaycon/with_replies","https://twitter.com/itsLaycon/status/1320429078772633600",,,,"427929010",,,,,,,,,"itsLaycon",
"1332627116161200130","2020-11-28T10:07:18.000Z","47165","If we were a boy band, what name would you call us? https://t.co/xvuv28FsGL",,,,,"1332627116161200130","false","false","false","false","https://pbs.twimg.com/media/En5xLDyXUAE_I55.jpg","photo",,,,,,,,"616",,,,,,,,,,,,,,,,,,,,,,,,,,,,,,,,,,,,,"1975","3472","https://twitter.com/itsLaycon/with_replies","https://twitter.com/itsLaycon/status/1332627116161200130",,,,"427929010",,,,,,,,,"itsLaycon",
"1322887959692136449","2020-11-01T13:07:22.000Z","45566","Yes! I'm so excited to join the @oppomobileng Family! Expect a lot of amazing things! #OPPOxLaycon https://t.co/gDAVAd88QH","OPPOxLaycon",,,,"1322887959692136449","false","false","false","false","https://pbs.twimg.com/media/ElvXlC4W0AMFwMS.jpg","photo",,"https://pbs.twimg.com/media/ElvXlPTWoAIFaLu.jpg","photo","https://pbs.twimg.com/media/ElvXlccWoAAwClP.jpg","photo","https://pbs.twimg.com/media/ElvXlpcXUAYS2bG.jpg","photo","1475",,,,,,,,,,,,,,,,,,,,,,,,,,,,,,,,,,,,,"3139","7610","https://twitter.com/itsLaycon/with_replies","https://twitter.com/itsLaycon/status/1322887959692136449",,,,"427929010",,,,,,,,,"itsLaycon",
"1314522280597356544","2020-10-09T11:05:08.000Z","43833","We all deserve to be safe in our neighbourhood. The brutality and social injustice that we are currently experiencing must end NOW. We want total reform from the top to bottom! 

#EndSARSProtests","EndSARSProtests",,,,"1314522280597356544","false","false","false","false",,,,,,,,,,"487",,,,,,,,,,,,,,,,,,,,,,,,,,,,,,,,,,,,,"876","15411","https://twitter.com/itsLaycon/with_replies","https://twitter.com/itsLaycon/status/1314522280597356544",,,,"427929010",,,,,,,,,"itsLaycon",
"1311031539082330114","2020-09-29T19:54:11.000Z","42993","GUESS WHO’S BACK ?!!!",,,,,"1311031539082330114","false","false","false","false",,,,,,,,,,"565",,,,,,,,,,,,,,,,,,,,,,,,,,,,,,,,,,,,,"4474","5004","https://twitter.com/itsLaycon/with_replies","https://twitter.com/itsLaycon/status/1311031539082330114",,,,"427929010",,,,,,,,,"itsLaycon",
"1312726746660327424","2020-10-04T12:10:20.000Z","43178","#EndSARS #LayconXAccolades https://t.co/RgV5dQKm6f","EndSARS","LayconXAccolades",,,"1312726746660327424","false","false","false","false","https://pbs.twimg.com/ext_tw_video_thumb/1312726580494569473/pu/img/TNF_BK5qU4U3SGkD.jpg","video","https://video.twimg.com/ext_tw_video/1312726580494569473/pu/vid/720x400/x1zYCs1UlGuou8Ka.mp4?tag=10",,,,,,,"873",,,,,,,,,,,,,,,,,,,,,,,,,,,,,,,,,,,,,"1312","12320","https://twitter.com/itsLaycon/with_replies","https://twitter.com/itsLaycon/status/1312726746660327424",,,,"427929010",,,,,,,,,"itsLaycon","147770"
"1317814082083446784","2020-10-18T13:05:35.000Z","42284","Awa Fierce !!!",,,,,"1317814082083446784","false","false","false","false",,,,,,,,,,"342",,,,,,,,,,,,,,,,,,,,,,,,,,,,,,,,,,,,,"1112","11071","https://twitter.com/itsLaycon/with_replies","https://twitter.com/itsLaycon/status/1317814082083446784",,,,"427929010",,,,,,,,,"itsLaycon",
"1313787035426189312","2020-10-07T10:23:32.000Z","40670","GRATITUDE.
❤️+💡",,,,,"1313787035426189312","false","false","false","false",,,,,,,,,,"196",,,,,,,,,,,,,,,,,,,,,,,,,,,,,,,,,,,,,"1567","4231","https://twitter.com/itsLaycon/with_replies","https://twitter.com/itsLaycon/status/1313787035426189312",,,,"427929010",,,,,,,,,"itsLaycon",
"1318112511795908608","2020-10-19T08:51:26.000Z","39263","500k family ♥️♥️♥️♥️
I love you guys so much.
♥️+💡",,,,,"1318112511795908608","false","false","false","false",,,,,,,,,,"320",,,,,,,,,,,,,,,,,,,,,,,,,,,,,,,,,,,,,"1958","7109","https://twitter.com/itsLaycon/with_replies","https://twitter.com/itsLaycon/status/1318112511795908608",,,,"427929010",,,,,,,,,"itsLaycon",
"1324404226848600065","2020-11-05T17:32:28.000Z","39599","MY BIRTHDAY ON SUNDAY 😌😌😌",,,,,"1324404226848600065","false","false","false","false",,,,,,,,,,"939",,,,,,,,,,,,,,,,,,,,,,,,,,,,,,,,,,,,,"3096","4193","https://twitter.com/itsLaycon/with_replies","https://twitter.com/itsLaycon/status/1324404226848600065",,,,"427929010",,,,,,,,,"itsLaycon",
"1310316773955325952","2020-09-27T20:33:58.000Z","39376","Congratulations iCONs! God did it! Y'all did it!!!

#LayCONGRATULATIONS https://t.co/W8Wq3CwDLG","LayCONGRATULATIONS",,,,"1310316773955325952","false","false","false","false","https://pbs.twimg.com/media/Ei8uKENXkAUYZ3z.jpg","photo",,,,,,,,"226",,,,,,,,,,,,,,,,,,,,,,,,,,,,,,,,,,,,,"1478","5465","https://twitter.com/itsLaycon/with_replies","https://twitter.com/itsLaycon/status/1310316773955325952",,,,"427929010",,,,,,,,,"itsLaycon",
"1325401888670556162","2020-11-08T11:36:49.000Z","39380","The kid brought light to darkness

❤️&amp;💡 https://t.co/abPqhuffG1",,,,,"1325401888670556162","false","false","false","false","https://pbs.twimg.com/media/EmTF8JmWEAEQWNT.jpg","photo",,,,,,,,"815",,,,,,,,,,,,,,,,,,,,,,,,,,,,,,,,,,,,,"1451","4793","https://twitter.com/itsLaycon/with_replies","https://twitter.com/itsLaycon/status/1325401888670556162",,,,"427929010",,,,,,,,,"itsLaycon",
"1324789018635214848","2020-11-06T19:01:30.000Z","39307","#OzLay 
♥️+💡 https://t.co/pw9xgMyzEy","OzLay",,,,"1324789018635214848","false","false","false","false","https://pbs.twimg.com/media/EmKYkp3XUAA1XKp.jpg","photo",,,,,,,,"262",,,,,,,,,,,,,,,,,,,,,,,,,,,,,,,,,,,,,"940","3385","https://twitter.com/itsLaycon/with_replies","https://twitter.com/itsLaycon/status/1324789018635214848",,,,"427929010",,,,,,,,,"itsLaycon",
"1317938672361213955","2020-10-18T21:20:40.000Z","37747","E still dey be like dream for my eyes.",,,,,"1317938672361213955","false","false","false","false",,,,,,,,,,"293",,,,,,,,,,,,,,,,,,,,,,,,,,,,,,,,,,,,,"1407","8637","https://twitter.com/itsLaycon/with_replies","https://twitter.com/itsLaycon/status/1317938672361213955",,,,"427929010",,,,,,,,,"itsLaycon",
"1318655798243885057","2020-10-20T20:50:16.000Z","36118","This is Tyranny. 
We’re being governed by Tyrants.
💔💔💔",,,,,"1318655798243885057","false","false","false","false",,,,,,,,,,"290",,,,,,,,,,,,,,,,,,,,,,,,,,,,,,,,,,,,,"577","23024","https://twitter.com/itsLaycon/with_replies","https://twitter.com/itsLaycon/status/1318655798243885057",,,,"427929010",,,,,,,,,"itsLaycon",
"1315671387001049090","2020-10-12T15:11:17.000Z","35321","HOW CAN THE POLICE BE SHOOTING AT CITIZENS PROTESTING POLICE BRUTALITY????? #EndPoliceBrutality #EndSarsNow","EndPoliceBrutality","EndSarsNow",,,"1315671387001049090","false","false","false","false",,,,,,,,,,"505",,,,,,,,,,,,,,,,,,,,,,,,,,,,,,,,,,,,,"832","21175","https://twitter.com/itsLaycon/with_replies","https://twitter.com/itsLaycon/status/1315671387001049090",,,,"427929010",,,,,,,,,"itsLaycon",
"1329752766076563456","2020-11-20T11:45:39.000Z","35600","Wait !!!
😳😳😳
700k 😭😭😭😭
I love you guys ❤️
♥️+💡",,,,,"1329752766076563456","false","false","false","false",,,,,,,,,,"267",,,,,,,,,,,,,,,,,,,,,,,,,,,,,,,,,,,,,"1654","2339","https://twitter.com/itsLaycon/with_replies","https://twitter.com/itsLaycon/status/1329752766076563456",,,,"427929010",,,,,,,,,"itsLaycon",
"1339488659339431938","2020-12-17T08:32:37.000Z","35199","Congratulations Icons 🥳
❤️+💡",,,,,"1339488659339431938","false","false","false","false",,,,,,,,,,"303",,,,,,,,,,,,,,,,,,,,,,,,,,,,,,,,,,,,,"1610","2931","https://twitter.com/itsLaycon/with_replies","https://twitter.com/itsLaycon/status/1339488659339431938",,,,"427929010",,,,,,,,,"itsLaycon",
"1318919109707431936","2020-10-21T14:16:34.000Z","34836","All these because we asked for an end to police brutality. 😭😭💔💔💔",,,,,"1318919109707431936","false","false","false","false",,,,,,,,,,"293",,,,,,,,,,,,,,,,,,,,,,,,,,,,,,,,,,,,,"849","16934","https://twitter.com/itsLaycon/with_replies","https://twitter.com/itsLaycon/status/1318919109707431936",,,,"427929010",,,,,,,,,"itsLaycon",
"1350778424114163712","2021-01-17T12:14:07.000Z","34428","Purpose! https://t.co/1mxxj3HXiW",,,,,"1350778424114163712","false","false","false","false","https://pbs.twimg.com/media/Er7t0M9XcAMYNX8.jpg","photo",,,,,,,,"177",,,,,,,,,,,,,,,,,,,,,,,,,,,,,,,,,,,,,"931","2984","https://twitter.com/itsLaycon/with_replies","https://twitter.com/itsLaycon/status/1350778424114163712",,,,"427929010",,,,,,,,,"itsLaycon",
"1481541536055709696","2022-01-13T08:20:02.000Z","34459","I beg of you, GET YOUR PVC!",,,,,"1481541536055709696","false","false","false","false",,,,,,,,,,"495",,,,,,,,,,,,,,,,,,,,,,,,,,,,,,,,,,,,,"1409","8719","https://twitter.com/itsLaycon/with_replies","https://twitter.com/itsLaycon/status/1481541536055709696",,,,"427929010",,,,,,,,,"itsLaycon",
"1311730736374972417","2020-10-01T18:12:32.000Z","33628","1/4

60 years ago, we transitioned from struggle to freedom as a Nation. We will never forget the patriotism of the brave hearts who gave life and limb to see a free Nation. May we continue to grow in true freedom, peace, unity,
#LayconMediaTour https://t.co/QSjEUw38OE","LayconMediaTour",,,,"1311730736374972417","false","false","false","false","https://pbs.twimg.com/media/EjQ0IJtXgAEXkn7.jpg","photo",,"https://pbs.twimg.com/media/EjQ0JE8WsAAN052.jpg","photo",,,,,"213",,,,,,,,,,,,,,,,,,,,,,,,,,,,,,,,,,,,,"1103","3731","https://twitter.com/itsLaycon/with_replies","https://twitter.com/itsLaycon/status/1311730736374972417",,,,"427929010",,,,,,,,,"itsLaycon",
"1311083208595955718","2020-09-29T23:19:30.000Z","33073","Abeg make una gist me about sports na 😭😭",,,,,"1311083208595955718","false","false","false","false",,,,,,,,,,"162",,,,,,,,,,,,,,,,,,,,,,,,,,,,,,,,,,,,,"1482","2212","https://twitter.com/itsLaycon/with_replies","https://twitter.com/itsLaycon/status/1311083208595955718",,,,"427929010",,,,,,,,,"itsLaycon",
"1319727452483190786","2020-10-23T19:48:38.000Z","33392","I love you guys so so much.
Icons !!!
♥️+💡",,,,,"1319727452483190786","false","false","false","false",,,,,,,,,,"432",,,,,,,,,,,,,,,,,,,,,,,,,,,,,,,,,,,,,"2504","4478","https://twitter.com/itsLaycon/with_replies","https://twitter.com/itsLaycon/status/1319727452483190786",,,,"427929010",,,,,,,,,"itsLaycon",
"1309598556823707648","2020-09-25T21:00:01.000Z","33128","Thank you iCONs!!! 🙏🏾",,,,,"1309598556823707648","false","false","false","false",,,,,,,,,,"331",,,,,,,,,,,,,,,,,,,,,,,,,,,,,,,,,,,,,"2062","4311","https://twitter.com/itsLaycon/with_replies","https://twitter.com/itsLaycon/status/1309598556823707648",,,,"427929010",,,,,,,,,"itsLaycon",
"1314202733394776064","2020-10-08T13:55:23.000Z","32426","I'm on the cover of @TIDAL Rising Nigeria! #iCONic ♥️+💡 https://t.co/KQQmEdoRPL https://t.co/GXnC4QQaQy","iCONic",,,,"1314202733394776064","false","false","false","false","https://pbs.twimg.com/media/Ejz8aK6UwAERZU6.jpg","photo",,,,,,,,"352",,,,,,,,,,,,,,,,,,,,,,,,,,,,,,,,,,,,,"906","3995","https://twitter.com/itsLaycon/with_replies","https://twitter.com/itsLaycon/status/1314202733394776064","tidal.com/playlist/11817…","https://tidal.com/playlist/1181792f-1a0a-4a02-abfb-4187b07dec75","https://t.co/KQQmEdoRPL","427929010","2679055230","TIDAL","https://twitter.com/TIDAL","TIDAL",,,,,"itsLaycon",
"1317167571620212736","2020-10-16T18:16:35.000Z","31998","🕯 🕯 🕯",,,,,"1317167571620212736","false","false","false","false",,,,,,,,,,"206",,,,,,,,,,,,,,,,,,,,,,,,,,,,,,,,,,,,,"841","12778","https://twitter.com/itsLaycon/with_replies","https://twitter.com/itsLaycon/status/1317167571620212736",,,,"427929010",,,,,,,,,"itsLaycon",
"1302694280482484226","2020-09-06T19:44:54.000Z","31795","Thank you iCONs! You will find grace and favour everywhere you go.. Agbeleshebioba!
#ThankYouiCONs
#BBNaija","ThankYouiCONs","BBNaija",,,"1302694280482484226","false","false","false","false",,,,,,,,,,"276",,,,,,,,,,,,,,,,,,,,,,,,,,,,,,,,,,,,,"1686","4359","https://twitter.com/itsLaycon/with_replies","https://twitter.com/itsLaycon/status/1302694280482484226",,,,"427929010",,,,,,,,,"itsLaycon",
"1314976594558148608","2020-10-10T17:10:25.000Z","31564","You don’t have to go through it to speak about it or make a change, you just gotta give a damn !
God bless everyone protesting and everyone lending a voice in one way or another. The will of the people is the will of the State.  ❤️+💡

#EndSARS #EndPoliceBrutality #EndSarsNow","EndSARS","EndPoliceBrutality","EndSarsNow",,"1314976594558148608","false","false","false","false",,,,,,,,,,"288",,,,,,,,,,,,,,,,,,,,,,,,,,,,,,,,,,,,,"603","15938","https://twitter.com/itsLaycon/with_replies","https://twitter.com/itsLaycon/status/1314976594558148608",,,,"427929010",,,,,,,,,"itsLaycon",
"1325173693060960257","2020-11-07T20:30:03.000Z","31045","Go CONNY.... It's Our birthday !!!!",,,,,"1325173693060960257","false","false","false","false",,,,,,,,,,"624",,,,,,,,,,,,,,,,,,,,,,,,,,,,,,,,,,,,,"2058","3175","https://twitter.com/itsLaycon/with_replies","https://twitter.com/itsLaycon/status/1325173693060960257",,,,"427929010",,,,,,,,,"itsLaycon",
"1313486108576145416","2020-10-06T14:27:46.000Z","30350","OGS !!! ❤️",,,,,"1313486108576145416","false","false","false","false",,,,,,,,,,"216",,,,,,,,,,,,,,,,,,,,,,,,,,,,,,,,,,,,,"969","2485","https://twitter.com/itsLaycon/with_replies","https://twitter.com/itsLaycon/status/1313486108576145416",,,,"427929010",,,,,,,,,"itsLaycon",
"1315724295654473729","2020-10-12T18:41:31.000Z","30117","#FreeOjahbee !!!","FreeOjahbee",,,,"1315724295654473729","false","false","false","false",,,,,,,,,,"227",,,,,,,,,,,,,,,,,,,,,,,,,,,,,,,,,,,,,"394","15973","https://twitter.com/itsLaycon/with_replies","https://twitter.com/itsLaycon/status/1315724295654473729",,,,"427929010",,,,,,,,,"itsLaycon",
"1336569980800917505","2020-12-09T07:14:50.000Z","30554","09-12-2017.
RIP DAD.
💔.",,,,,"1336569980800917505","false","false","false","false",,,,,,,,,,"292",,,,,,,,,,,,,,,,,,,,,,,,,,,,,,,,,,,,,"2456","1808","https://twitter.com/itsLaycon/with_replies","https://twitter.com/itsLaycon/status/1336569980800917505",,,,"427929010",,,,,,,,,"itsLaycon",
"1326943921835012096","2020-11-12T17:44:19.000Z","30226","Who Is Laycon?",,,,,"1326943921835012096","false","false","false","false",,,,,,,,,,"601",,,,,,,,,,,,,,,,,,,,,,,,,,,,,,,,,,,,,"3158","2277","https://twitter.com/itsLaycon/with_replies","https://twitter.com/itsLaycon/status/1326943921835012096",,,,"427929010",,,,,,,,,"itsLaycon",
"1311772560972021761","2020-10-01T20:58:44.000Z","29468","#VEEHIVES ❤️+💡 always.","VEEHIVES",,,,"1311772560972021761","false","false","false","false",,,,,,,,,,"107",,,,,,,,,,,,,,,,,,,,,,,,,,,,,,,,,,,,,"726","2431","https://twitter.com/itsLaycon/with_replies","https://twitter.com/itsLaycon/status/1311772560972021761",,,,"427929010",,,,,,,,,"itsLaycon",
"1335019479156318215","2020-12-05T00:33:41.000Z","29774","1M views... I woke up to this!!!
❤️❤️🙏🏽🙏🏽",,,,,"1335019479156318215","false","false","false","false",,,,,,,,,,"190",,,,,,,,,,,,,,,,,,,,,,,,,,,,,,,,,,,,,"804","1767","https://twitter.com/itsLaycon/with_replies","https://twitter.com/itsLaycon/status/1335019479156318215",,,,"427929010",,,,,,,,,"itsLaycon",
"1321979784931516416","2020-10-30T00:58:36.000Z","29483","You are not an *UPCOMING* artist, you are a growing artist. SO KEEP GROWING!!!",,,,,"1321979784931516416","false","false","false","false",,,,,,,,,,"233",,,,,,,,,,,,,,,,,,,,,,,,,,,,,,,,,,,,,"583","3970","https://twitter.com/itsLaycon/with_replies","https://twitter.com/itsLaycon/status/1321979784931516416",,,,"427929010",,,,,,,,,"itsLaycon",
"1625200979552440337","2023-02-13T18:31:22.000Z","31792","Girl na only you, no competition 🫶🏽 https://t.co/wi4mN32bUa",,,,,"1625200979552440337","false","false","false","false","https://pbs.twimg.com/media/Fo3frArXsAA_c0d.jpg","photo",,"https://pbs.twimg.com/media/Fo3frArWAAAq-9Q.jpg","photo","https://pbs.twimg.com/media/Fo3frAyWcAAMjdt.jpg","photo","https://pbs.twimg.com/media/Fo3frAqWYAEAFB0.jpg","photo","246",,,,,,,,,,,,,,,,,,,,,,,,,,,,,,,,,,,,,"461","2347","https://twitter.com/itsLaycon/with_replies","https://twitter.com/itsLaycon/status/1625200979552440337",,,,"427929010",,,,,,,,,"itsLaycon","1395687"
"1325755529612947458","2020-11-09T11:02:04.000Z","29382","Yesterday was 8/11, the day of my birth and iCONs did what I personally consider the unimaginable. https://t.co/w8AIZgIpTH",,,,,"1325755529612947458","false","false","false","false","https://pbs.twimg.com/media/EmYHm__XMAAKfR2.jpg","photo",,,,,,,,"199",,,,,,,,,,,,,,,,,,,,,,,,,,,,,,,,,,,,,"740","3091","https://twitter.com/itsLaycon/with_replies","https://twitter.com/itsLaycon/status/1325755529612947458",,,,"427929010",,,,,,,,,"itsLaycon",
"1317471388085768192","2020-10-17T14:23:51.000Z","28340","Osimhen !!! 🇳🇬
♥️+💡",,,,,"1317471388085768192","false","false","false","false",,,,,,,,,,"67",,,,,,,,,,,,,,,,,,,,,,,,,,,,,,,,,,,,,"336","7922","https://twitter.com/itsLaycon/with_replies","https://twitter.com/itsLaycon/status/1317471388085768192",,,,"427929010",,,,,,,,,"itsLaycon",
"1516367941373210624","2022-04-19T10:47:44.000Z","29503","I remain my true Original self! 🐺 https://t.co/Fms5NCWD1J",,,,,"1516367941373210624","false","false","false","false","https://pbs.twimg.com/media/FQs4mPzXwAEsJ2H.jpg","photo",,,,,,,,"205",,,,,,,,,,,,,,,,,,,,,,,,,,,,,,,,,,,,,"803","1796","https://twitter.com/itsLaycon/with_replies","https://twitter.com/itsLaycon/status/1516367941373210624",,,,"427929010",,,,,,,,,"itsLaycon",
"1336745557008801793","2020-12-09T18:52:30.000Z","28886","🐺 https://t.co/hwYvKuIYdU",,,,,"1336745557008801793","false","false","false","false","https://pbs.twimg.com/media/Eo0S6yZW4AkyNsB.jpg","photo",,,,,,,,"394",,,,,,,,,,,,,,,,,,,,,,,,,,,,,,,,,,,,,"1053","1949","https://twitter.com/itsLaycon/with_replies","https://twitter.com/itsLaycon/status/1336745557008801793",,,,"427929010",,,,,,,,,"itsLaycon",
"1325389716527738880","2020-11-08T10:48:27.000Z","28576","I LOVE YOU GUYS SO MUCH ♥️♥️😭😭",,,,,"1325389716527738880","false","false","false","false",,,,,,,,,,"373",,,,,,,,,,,,,,,,,,,,,,,,,,,,,,,,,,,,,"1551","2440","https://twitter.com/itsLaycon/with_replies","https://twitter.com/itsLaycon/status/1325389716527738880",,,,"427929010",,,,,,,,,"itsLaycon",
"1343227923495575552","2020-12-27T16:11:07.000Z","28208","800k twitter FANMILY.
I LOVE YOU GUYS SO SO MUCH
THANKS.

❤️+💡",,,,,"1343227923495575552","false","false","false","false",,,,,,,,,,"179",,,,,,,,,,,,,,,,,,,,,,,,,,,,,,,,,,,,,"1191","2347","https://twitter.com/itsLaycon/with_replies","https://twitter.com/itsLaycon/status/1343227923495575552",,,,"427929010",,,,,,,,,"itsLaycon",
"1371209293920403457","2021-03-14T21:19:06.000Z","28073","Congratulations to Wiz &amp; Burna 🥳🥳🥳",,,,,"1371209293920403457","false","false","false","false",,,,,,,,,,"81",,,,,,,,,,,,,,,,,,,,,,,,,,,,,,,,,,,,,"337","3008","https://twitter.com/itsLaycon/with_replies","https://twitter.com/itsLaycon/status/1371209293920403457",,,,"427929010",,,,,,,,,"itsLaycon",
"1314876302399344640","2020-10-10T10:31:54.000Z","27977","If you deliberately stunt the growth of millions of youths so you could have a ready army of easily misdirected youths, you kill this country. We won’t allow that, our voices must be heard, the state exists for us, not for anybody else.
❤️+💡

#EndSarsNow #EndPoliceBrutality","EndSarsNow","EndPoliceBrutality",,,"1314876302399344640","false","false","false","false",,,,,,,,,,"378",,,,,,,,,,,,,,,,,,,,,,,,,,,,,,,,,,,,,"679","12711","https://twitter.com/itsLaycon/with_replies","https://twitter.com/itsLaycon/status/1314876302399344640",,,,"427929010",,,,,,,,,"itsLaycon",
"1316835957354770437","2020-10-15T20:18:52.000Z","27988","To the young people getting ready to protest in Abeokuta and all over the nation tomorrow, may God bless you &amp; answer our prayer for a great Nation.",,,,,"1316835957354770437","false","false","false","false",,,,,,,,,,"194",,,,,,,,,,,,,,,,,,,,,,,,,,,,,,,,,,,,,"607","10547","https://twitter.com/itsLaycon/with_replies","https://twitter.com/itsLaycon/status/1316835957354770437",,,,"427929010",,,,,,,,,"itsLaycon",
"1329839917577465858","2020-11-20T17:31:58.000Z","28160","Fresh is here! Excited to join @MentosNigeria as the new #FaceofFresh! Mentos Fresh Action Candy is the new game changer. iCONs, grab a Mentos Fresh Action Candy today.. Get Cool, Feel Fresh! #MentosFreshAction  #SayYesToFresh #MentosXLaycon https://t.co/QBne9s1fBM","FaceofFresh","MentosFreshAction","SayYesToFresh","MentosXLaycon","1329839917577465858","false","false","false","false","https://pbs.twimg.com/media/EnSKW11XYAEU6Tn.jpg","photo",,,,,,,,"773",,,,,,,,,,,,,,,,,,,,,,,,,,,,,,,,,,,,,"1752","3816","https://twitter.com/itsLaycon/with_replies","https://twitter.com/itsLaycon/status/1329839917577465858",,,,"427929010","4856659006","Mentos NG","https://twitter.com/MENTOSNigeria","MENTOSNigeria",,,,,"itsLaycon",
"1321473576663453696","2020-10-28T15:27:07.000Z","27752","OMG this is mad oooo 🥵🥵🥵",,,,,"1321473576663453696","false","true","false","false",,,,,,,,,,"510","1692945202827755500","1321465323942457349","2020-10-28T14:54:19.000Z","25525","Wahala for who no dey @triller app. #Icons Join the #NobodyIconchallenge on #trillervids ft. @itsLaycon x @joeboyofficial. Share on ur SM &amp; tag us a repost. Also follow me @djneptunetriller #GREATNESS https://t.co/pkTAjtfpn5","Icons","NobodyIconchallenge","trillervids","GREATNESS","1321465323942457349","false","false","false","false","https://pbs.twimg.com/ext_tw_video_thumb/1321464932890742786/pu/img/myO61l7FCaKa5Fjt.jpg","video","https://video.twimg.com/ext_tw_video/1321464932890742786/pu/vid/720x1280/bHzIG3dPovNyQQyN.mp4?tag=10",,,,,"1565","1717","6456","https://twitter.com/deejayneptune/status/1321465323942457349","24661962","13344132","TRILLER","https://twitter.com/triller","triller","427929010","biọba","https://twitter.com/itsLaycon","itsLaycon","deejayneptune","206701","1537","5729","https://twitter.com/itsLaycon/with_replies","https://twitter.com/itsLaycon/status/1321473576663453696",,,,"427929010",,,,,,,,,"itsLaycon",
"1315228071075643392","2020-10-11T09:49:42.000Z","27422","For every individual/group trying to politicize this #EndSARS movement, YOU ARE WRONG! and you are part of the problem of this system. Stomach your selfish agenda for now. This is bigger than anyone of us. The world is watching !!!
❤️+💡
#EndPoliceBrutalityinNigeria #EndSarsNow","EndSARS","EndPoliceBrutalityinNigeria","EndSarsNow",,"1315228071075643392","false","false","false","false",,,,,,,,,,"421",,,,,,,,,,,,,,,,,,,,,,,,,,,,,,,,,,,,,"642","13879","https://twitter.com/itsLaycon/with_replies","https://twitter.com/itsLaycon/status/1315228071075643392",,,,"427929010",,,,,,,,,"itsLaycon",
"1326474369640632322","2020-11-11T10:38:29.000Z","27682","I'm blessed.
I'm lucky.
I'm grateful.
♥️+💡",,,,,"1326474369640632322","false","false","false","false",,,,,,,,,,"227",,,,,,,,,,,,,,,,,,,,,,,,,,,,,,,,,,,,,"916","2743","https://twitter.com/itsLaycon/with_replies","https://twitter.com/itsLaycon/status/1326474369640632322",,,,"427929010",,,,,,,,,"itsLaycon",
"1315083078956650496","2020-10-11T00:13:33.000Z","26998","The safety &amp; prompt release of the protesters in Abeokuta &amp; across the country is something I am really concerned about. I am personally doing everything I possibly can to achieve this. The government exists only because the people exist. 
❤️+💡

#EndSARS #EndPoliceBrutality","EndSARS","EndPoliceBrutality",,,"1315083078956650496","false","false","false","false",,,,,,,,,,"308",,,,,,,,,,,,,,,,,,,,,,,,,,,,,,,,,,,,,"617","12285","https://twitter.com/itsLaycon/with_replies","https://twitter.com/itsLaycon/status/1315083078956650496",,,,"427929010",,,,,,,,,"itsLaycon",
"1354144498356518912","2021-01-26T19:09:41.000Z","27037","Drink your juice &amp; mind your business.. 

♥+💡 x 🐺 https://t.co/Od6rmecUoC",,,,,"1354144498356518912","false","false","false","false","https://pbs.twimg.com/media/EsrjOVSW8Ako9sP.jpg","photo",,,,,,,,"172",,,,,,,,,,,,,,,,,,,,,,,,,,,,,,,,,,,,,"810","2342","https://twitter.com/itsLaycon/with_replies","https://twitter.com/itsLaycon/status/1354144498356518912",,,,"427929010",,,,,,,,,"itsLaycon",
"1327285378441732102","2020-11-13T16:21:08.000Z","26590","My followers no be 10 million, but my fanbase o strong gidigan.

Icons forever putting a smile on my face.
EVOLVE!!!",,,,,"1327285378441732102","false","false","false","false",,,,,,,,,,"210",,,,,,,,,,,,,,,,,,,,,,,,,,,,,,,,,,,,,"818","2632","https://twitter.com/itsLaycon/with_replies","https://twitter.com/itsLaycon/status/1327285378441732102",,,,"427929010",,,,,,,,,"itsLaycon",
"1342880929006710784","2020-12-26T17:12:17.000Z","26001","Happy boxing day everyone!
GRACE! 🐺

@tolugrapher1 https://t.co/GLVC5CQWun",,,,,"1342880929006710784","false","false","false","false","https://pbs.twimg.com/media/EqLfBX4W4AMFBJa.jpg","photo",,"https://pbs.twimg.com/media/EqLfDcyXEAENhBV.jpg","photo","https://pbs.twimg.com/media/EqLfFlLXUAAzINc.jpg","photo",,,"182",,,,,,,,,,,,,,,,,,,,,,,,,,,,,,,,,,,,,"843","2265","https://twitter.com/itsLaycon/with_replies","https://twitter.com/itsLaycon/status/1342880929006710784",,,,"427929010","1259833766790541312","Tolugrapher📸","https://twitter.com/tolugrapher1","tolugrapher1",,,,,"itsLaycon",
"1324090956505849856","2020-11-04T20:47:39.000Z","25638","Bachor got a Benzo !!!",,,,,"1324090956505849856","false","false","false","false",,,,,,,,,,"195",,,,,,,,,,,,,,,,,,,,,,,,,,,,,,,,,,,,,"593","1994","https://twitter.com/itsLaycon/with_replies","https://twitter.com/itsLaycon/status/1324090956505849856",,,,"427929010",,,,,,,,,"itsLaycon",
"1329147872621760512","2020-11-18T19:42:01.000Z","25818","INCOMINGGGG 💡 💡 💡 💡 https://t.co/NsgBxa33GF",,,,,"1329147872621760512","false","false","false","false","https://pbs.twimg.com/media/EnIU8fhW8AMPFaq.jpg","photo",,,,,,,,"332",,,,,,,,,,,,,,,,,,,,,,,,,,,,,,,,,,,,,"793","2760","https://twitter.com/itsLaycon/with_replies","https://twitter.com/itsLaycon/status/1329147872621760512",,,,"427929010",,,,,,,,,"itsLaycon",
"1682084810360074240","2023-07-20T17:47:25.000Z","28342","Before professional pictures come, cheers to me !!! 

MA International Relations 💛 https://t.co/wZlXq0iSXG",,,,,"1682084810360074240","false","false","false","false","https://pbs.twimg.com/media/F1f3NqdWIAYH6wo.jpg","photo",,"https://pbs.twimg.com/media/F1f3NqZWIAgvT9v.jpg","photo","https://pbs.twimg.com/media/F1f3NqaXoAIqekw.jpg","photo","https://pbs.twimg.com/media/F1f3NqjWIAIMtZN.jpg","photo","323",,,,,,,,,,,,,,,,,,,,,,,,,,,,,,,,,,,,,"766","3202","https://twitter.com/itsLaycon/with_replies","https://twitter.com/itsLaycon/status/1682084810360074240",,,,"427929010",,,,,,,,,"itsLaycon","1025603"
"1317913531912802304","2020-10-18T19:40:46.000Z","25372","God built me to last.
❤️+💡",,,,,"1317913531912802304","false","false","false","false",,,,,,,,,,"179",,,,,,,,,,,,,,,,,,,,,,,,,,,,,,,,,,,,,"916","5964","https://twitter.com/itsLaycon/with_replies","https://twitter.com/itsLaycon/status/1317913531912802304",,,,"427929010",,,,,,,,,"itsLaycon",
"1307761397238030336","2020-09-20T19:19:48.000Z","25479","I don compose and delete this tweet like 10 times.. Abeg all I just want to say is thank you and congratulations to iCONs

 #VOTELayconNonStop
#BBNaija","VOTELayconNonStop","BBNaija",,,"1307761397238030336","false","false","false","false",,,,,,,,,,"163",,,,,,,,,,,,,,,,,,,,,,,,,,,,,,,,,,,,,"1032","4023","https://twitter.com/itsLaycon/with_replies","https://twitter.com/itsLaycon/status/1307761397238030336",,,,"427929010",,,,,,,,,"itsLaycon",
"1303039581378482177","2020-09-07T18:37:00.000Z","25061","TRIKY!!!!!!!!",,,,,"1303039581378482177","false","false","false","false",,,,,,,,,,"110",,,,,,,,,,,,,,,,,,,,,,,,,,,,,,,,,,,,,"1079","2237","https://twitter.com/itsLaycon/with_replies","https://twitter.com/itsLaycon/status/1303039581378482177",,,,"427929010",,,,,,,,,"itsLaycon",
"1301122532393844737","2020-09-02T11:39:20.000Z","25167","Team Gold Label!! We wonnnnn
All we do is win ❤️",,,,,"1301122532393844737","false","false","false","false",,,,,,,,,,"263",,,,,,,,,,,,,,,,,,,,,,,,,,,,,,,,,,,,,"1421","3538","https://twitter.com/itsLaycon/with_replies","https://twitter.com/itsLaycon/status/1301122532393844737",,,,"427929010",,,,,,,,,"itsLaycon",
"1360953962862632961","2021-02-14T14:08:04.000Z","25518","This is the first Valentine's day I'm spending with my iCONs (the first of many) &amp; I am so excited. Thank you for the wonderful messages and gifts, I love you all from the bottom of my heart. ♥ +💡 https://t.co/GGwLImZ74u",,,,,"1360953962862632961","false","false","false","false","https://pbs.twimg.com/media/EuMUXCIXAAEBT2E.jpg","photo",,"https://pbs.twimg.com/media/EuMUYe2XIAAb1Qh.jpg","photo","https://pbs.twimg.com/media/EuMUan3XEAAhfpB.jpg","photo",,,"179",,,,,,,,,,,,,,,,,,,,,,,,,,,,,,,,,,,,,"782","2499","https://twitter.com/itsLaycon/with_replies","https://twitter.com/itsLaycon/status/1360953962862632961",,,,"427929010",,,,,,,,,"itsLaycon",
"1320457271441281024","2020-10-25T20:08:41.000Z","24996","🔥🔥🔥🔥🔥",,,,,"1320457271441281024","false","true","false","false",,,,,,,,,,"141","1692945202827755500","1320442500390281216","2020-10-25T19:09:59.000Z","22621","No photoshop No Fake News! Oct 30th, I give unto you  "" #Icons ” [ Nobody Icon Remix ] but In the meantime, let's continue to put 🇳🇬 in our prayers 🙏 https://t.co/nv4vKeOMrD","Icons",,,,"1320442500390281216","false","false","false","false","https://pbs.twimg.com/media/ElMnYvLWoAMofIz.jpg","photo",,"https://pbs.twimg.com/media/ElMna9nWoAAXawe.jpg","photo","https://pbs.twimg.com/media/ElMncNAWoAAC3tv.jpg","photo","511","887","4351","https://twitter.com/deejayneptune/status/1320442500390281216","24661962",,,,,,,,,"deejayneptune",,"615","4069","https://twitter.com/itsLaycon/with_replies","https://twitter.com/itsLaycon/status/1320457271441281024",,,,"427929010",,,,,,,,,"itsLaycon",
"1310485020960854016","2020-09-28T07:42:31.000Z","24844","Good morning iCONs! https://t.co/rTl5WBznFr",,,,,"1310485020960854016","false","false","false","false","https://pbs.twimg.com/media/Ei_HLW1WsAcVIGR.jpg","photo",,,,,,,,"86",,,,,,,,,,,,,,,,,,,,,,,,,,,,,,,,,,,,,"775","2892","https://twitter.com/itsLaycon/with_replies","https://twitter.com/itsLaycon/status/1310485020960854016",,,,"427929010",,,,,,,,,"itsLaycon",
"1316090090247147520","2020-10-13T18:55:03.000Z","24109","#5for5 or nothing else !!!","5for5",,,,"1316090090247147520","false","false","false","false",,,,,,,,,,"122",,,,,,,,,,,,,,,,,,,,,,,,,,,,,,,,,,,,,"374","8388","https://twitter.com/itsLaycon/with_replies","https://twitter.com/itsLaycon/status/1316090090247147520",,,,"427929010",,,,,,,,,"itsLaycon",
"1328713745539936257","2020-11-17T14:56:57.000Z","24174","God. 🙏🏽♥️
I thank you.",,,,,"1328713745539936257","false","false","false","false",,,,,,,,,,"254",,,,,,,,,,,,,,,,,,,,,,,,,,,,,,,,,,,,,"965","2289","https://twitter.com/itsLaycon/with_replies","https://twitter.com/itsLaycon/status/1328713745539936257",,,,"427929010",,,,,,,,,"itsLaycon",
"1331124236564443137","2020-11-24T06:35:23.000Z","24221","God bless every one of you streaming my music, buying my music, spreading the word about my music. I love you guys.
❤️+💡",,,,,"1331124236564443137","false","false","false","false",,,,,,,,,,"182",,,,,,,,,,,,,,,,,,,,,,,,,,,,,,,,,,,,,"851","2169","https://twitter.com/itsLaycon/with_replies","https://twitter.com/itsLaycon/status/1331124236564443137",,,,"427929010",,,,,,,,,"itsLaycon",
"1353464155110477825","2021-01-24T22:06:15.000Z","23973","900k iCONs on @Twitter!!!! See as God get me for mind 🤯 Speechless

I love love love you guys!!",,,,,"1353464155110477825","false","false","false","false",,,,,,,,,,"224",,,,,,,,,,,,,,,,,,,,,,,,,,,,,,,,,,,,,"1133","2565","https://twitter.com/itsLaycon/with_replies","https://twitter.com/itsLaycon/status/1353464155110477825",,,,"427929010","1683696495198089217","Twitter","https://twitter.com/twitter","twitter",,,,,"itsLaycon",
"1321128885900218368","2020-10-27T16:37:26.000Z","24022","Happy birthday to you @falzthebahdguy 
Wish you long life and prosperity.
God bless you.
♥️+💡",,,,,"1321128885900218368","false","false","false","false",,,,,,,,,,"62",,,,,,,,,,,,,,,,,,,,,,,,,,,,,,,,,,,,,"390","2828","https://twitter.com/itsLaycon/with_replies","https://twitter.com/itsLaycon/status/1321128885900218368",,,,"427929010","58465556","Bop Daddy","https://twitter.com/falzthebahdguy","falzthebahdguy",,,,,"itsLaycon",
"1359753949012779008","2021-02-11T06:39:39.000Z","23839","I AM LAYCON.
❤️+💡",,,,,"1359753949012779008","false","false","false","false",,,,,,,,,,"128",,,,,,,,,,,,,,,,,,,,,,,,,,,,,,,,,,,,,"881","2483","https://twitter.com/itsLaycon/with_replies","https://twitter.com/itsLaycon/status/1359753949012779008",,,,"427929010",,,,,,,,,"itsLaycon",
"1324661642844622850","2020-11-06T10:35:21.000Z","24012","My SENIOR SPECIAL ASSISTANT MA.
MY SSA.
YES MA 
ANYTHING FOR YOU MA.
CLEAR THE ROAD FOR THE SSA. 
@nengiofficial

♥️+💡",,,,,"1324661642844622850","false","false","false","false",,,,,,,,,,"408",,,,,,,,,,,,,,,,,,,,,,,,,,,,,,,,,,,,,"877","2921","https://twitter.com/itsLaycon/with_replies","https://twitter.com/itsLaycon/status/1324661642844622850",,,,"427929010","1256276092031315969","Nengi Rebecca Hampson 👑","https://twitter.com/nengiofficial","nengiofficial",,,,,"itsLaycon",
"1339485142927216640","2020-12-17T08:18:39.000Z","23779","I love you guys so much... 

Wait...

I love you guys so so so much. ❤️
Let's keep growing together !!!
❤️+💡",,,,,"1339485142927216640","false","false","false","false",,,,,,,,,,"319",,,,,,,,,,,,,,,,,,,,,,,,,,,,,,,,,,,,,"1620","2438","https://twitter.com/itsLaycon/with_replies","https://twitter.com/itsLaycon/status/1339485142927216640",,,,"427929010",,,,,,,,,"itsLaycon",
"1327582225521668099","2020-11-14T12:00:42.000Z","23627","Wow... You guys are actually gonna make this happen. 1million streams on Boomplay. 🙏🏽",,,,,"1327582225521668099","false","false","false","false",,,,,,,,,,"84",,,,,,,,,,,,,,,,,,,,,,,,,,,,,,,,,,,,,"428","1739","https://twitter.com/itsLaycon/with_replies","https://twitter.com/itsLaycon/status/1327582225521668099",,,,"427929010",,,,,,,,,"itsLaycon",
"1315684157708808192","2020-10-12T16:02:02.000Z","23333","Names of #SARSMUSTEND peaceful protesters that were arrested by the police in Surulere

Ademola Ojabodu aka Ojah B
Treasure Nduka
Felicia Okpara

Nothing must happen to them!","SARSMUSTEND",,,,"1315684157708808192","false","false","false","false",,,,,,,,,,"282",,,,,,,,,,,,,,,,,,,,,,,,,,,,,,,,,,,,,"335","17106","https://twitter.com/itsLaycon/with_replies","https://twitter.com/itsLaycon/status/1315684157708808192",,,,"427929010",,,,,,,,,"itsLaycon",
"1319365617007366149","2020-10-22T19:50:50.000Z","23163","If I wan japa, I gats carry all my icons with me... So until that one dey possible, I dey here with Una..",,,,,"1319365617007366149","false","true","false","false",,,,,,,,,,"370","1692945202827755500","1319364732990726144","2020-10-22T19:47:19.000Z","994","Vee, Neo, Nenji, Ozo dey plan japaa, only Laycon still dey write motivational tweets 😭😭 @itsLaycon which way na?! 😭😂",,,,,"1319364732990726144","false","false","false","false",,,,,,,,"26","58","166","https://twitter.com/Albie_xo/status/1319364732990726144","966932284552204288","427929010","biọba","https://twitter.com/itsLaycon","itsLaycon",,,,,"Albie_xo",,"1349","5733","https://twitter.com/itsLaycon/with_replies","https://twitter.com/itsLaycon/status/1319365617007366149",,,,"427929010",,,,,,,,,"itsLaycon",
"1344580249787498501","2020-12-31T09:44:47.000Z","23187","To the 20 of us that walked into that house and stepped out as winners. God bless us all. ♥️+💡",,,,,"1344580249787498501","false","false","false","false",,,,,,,,,,"108",,,,,,,,,,,,,,,,,,,,,,,,,,,,,,,,,,,,,"467","2154","https://twitter.com/itsLaycon/with_replies","https://twitter.com/itsLaycon/status/1344580249787498501",,,,"427929010",,,,,,,,,"itsLaycon",
"1313896991735382025","2020-10-07T17:40:28.000Z","22862","Appreciation 🙏🏾 #OgunYouthWelcomeLaycon https://t.co/y0vP5A0ei4","OgunYouthWelcomeLaycon",,,,"1313896991735382025","false","false","false","false","https://pbs.twimg.com/media/EjvmWCVWsAEsYuS.jpg","photo",,"https://pbs.twimg.com/media/EjvmWV6XYAEJaem.jpg","photo",,,,,"139",,,,,,,,,,,,,,,,,,,,,,,,,,,,,,,,,,,,,"724","3032","https://twitter.com/itsLaycon/with_replies","https://twitter.com/itsLaycon/status/1313896991735382025",,,,"427929010",,,,,,,,,"itsLaycon",
"1313241397051494401","2020-10-05T22:15:22.000Z","22488","I changed my mind, I want to fry it now 😋",,,,,"1313241397051494401","false","true","false","false",,,,,,,,,,"112","1692945202827755500","1313219947359866882","2020-10-05T20:50:08.000Z","8193","@itsLaycon said he wants to cook biscuit 🥺",,,,,"1313219947359866882","false","false","false","false",,,,,,,,"95","428","514","https://twitter.com/Liloaderogba/status/1313219947359866882","1284995464845238277","427929010","biọba","https://twitter.com/itsLaycon","itsLaycon",,,,,"Liloaderogba",,"868","1974","https://twitter.com/itsLaycon/with_replies","https://twitter.com/itsLaycon/status/1313241397051494401",,,,"427929010",,,,,,,,,"itsLaycon",
"1343312557298352128","2020-12-27T21:47:25.000Z","23130","God please protect and give all my friends the strength and energy they require. I see all the work they are putting in. God bless you guys. 
♥️+💡",,,,,"1343312557298352128","false","false","false","false",,,,,,,,,,"96",,,,,,,,,,,,,,,,,,,,,,,,,,,,,,,,,,,,,"789","2425","https://twitter.com/itsLaycon/with_replies","https://twitter.com/itsLaycon/status/1343312557298352128",,,,"427929010",,,,,,,,,"itsLaycon",
"1332090719394263040","2020-11-26T22:35:51.000Z","23121","2.5 million on Instagram.
The family is growing.
Long term thing.

❤️+💡",,,,,"1332090719394263040","false","false","false","false",,,,,,,,,,"85",,,,,,,,,,,,,,,,,,,,,,,,,,,,,,,,,,,,,"409","1429","https://twitter.com/itsLaycon/with_replies","https://twitter.com/itsLaycon/status/1332090719394263040",,,,"427929010",,,,,,,,,"itsLaycon",
"1344895043035934721","2021-01-01T06:35:39.000Z","22744","Happy New Year 🥳🥳🥳",,,,,"1344895043035934721","false","false","false","false",,,,,,,,,,"100",,,,,,,,,,,,,,,,,,,,,,,,,,,,,,,,,,,,,"901","1856","https://twitter.com/itsLaycon/with_replies","https://twitter.com/itsLaycon/status/1344895043035934721",,,,"427929010",,,,,,,,,"itsLaycon",
"1316440583762780163","2020-10-14T18:07:48.000Z","22507","I’m a proud youth of Nigeria.
I’m part of the generation that changed everything.
I’m proud of everyone.
God bless everyone.
💡+❤️

#EndPoliceBrutalityNigeria 
#EndBadGovernanceinNIGERIA 
#SWATMUSTEND #EndBadGoveranceInNigeria","EndPoliceBrutalityNigeria","EndBadGovernanceinNIGERIA","SWATMUSTEND","EndBadGoveranceInNigeria","1316440583762780163","false","false","false","false",,,,,,,,,,"185",,,,,,,,,,,,,,,,,,,,,,,,,,,,,,,,,,,,,"568","11246","https://twitter.com/itsLaycon/with_replies","https://twitter.com/itsLaycon/status/1316440583762780163",,,,"427929010",,,,,,,,,"itsLaycon",
"1540741193239257088","2022-06-25T16:58:20.000Z","22945","Chop life, make life no chop you ♥️+💡 https://t.co/QVw1icRAoK",,,,,"1540741193239257088","false","false","false","false","https://pbs.twimg.com/media/FWHP5HmUUAIMPS6.jpg","photo",,"https://pbs.twimg.com/media/FWHP6gtVsAEg2lP.jpg","photo","https://pbs.twimg.com/media/FWHP7PMVsAA5V3R.jpg","photo","https://pbs.twimg.com/media/FWHP8TBVEAAg9H5.jpg","photo","312",,,,,,,,,,,,,,,,,,,,,,,,,,,,,,,,,,,,,"993","1720","https://twitter.com/itsLaycon/with_replies","https://twitter.com/itsLaycon/status/1540741193239257088",,,,"427929010",,,,,,,,,"itsLaycon",
"1326059939014594561","2020-11-10T07:11:41.000Z","22378","I thank God for choosing you to be Mother. I thank God for having you as mother. I pray that you live long in good health and that your joy will never turn to sadness. I love you Mum.",,,,,"1326059939014594561","false","false","false","false",,,,,,,,,,"158",,,,,,,,,,,,,,,,,,,,,,,,,,,,,,,,,,,,,"1077","1938","https://twitter.com/itsLaycon/with_replies","https://twitter.com/itsLaycon/status/1326059939014594561",,,,"427929010",,,,,,,,,"itsLaycon",
"1320792280119336967","2020-10-26T18:19:53.000Z","22047","What's better than one winner?

TWENTY WINNERS.
♥️+💡",,,,,"1320792280119336967","false","false","false","false",,,,,,,,,,"239",,,,,,,,,,,,,,,,,,,,,,,,,,,,,,,,,,,,,"990","3072","https://twitter.com/itsLaycon/with_replies","https://twitter.com/itsLaycon/status/1320792280119336967",,,,"427929010",,,,,,,,,"itsLaycon",
"1310692991053574145","2020-09-28T21:28:55.000Z","21801","Thank you Sir!!! ♥ 💡",,,,,"1310692991053574145","false","true","false","false",,,,,,,,,,"38","1692945202827755500","1310644492907753475","2020-09-28T18:16:12.000Z","13836","I am delighted to congratulate one of our own in Ogun State, Olamilekan Agbelesebioba, AKA @itsLaycon for emerging winner of @BBNaija Lockdown. https://t.co/qm6bTZ7GXN",,,,,"1310644492907753475","false","false","false","false","https://pbs.twimg.com/media/EjBYNgEXkAEVAaM.jpg","photo",,,,,,"331","505","2380","https://twitter.com/dabiodunMFR/status/1310644492907753475","1030441436502786048","427929010","biọba","https://twitter.com/itsLaycon","itsLaycon","814094730631987200","Big Brother Naija","https://twitter.com/BBNaija","BBNaija","dabiodunMFR",,"420","1799","https://twitter.com/itsLaycon/with_replies","https://twitter.com/itsLaycon/status/1310692991053574145",,,,"427929010",,,,,,,,,"itsLaycon",
"1324857087994875904","2020-11-06T23:31:59.000Z","21814","12:30am, less than 24 hours to my birthday and I dey airport 🥺",,,,,"1324857087994875904","false","false","false","false",,,,,,,,,,"121",,,,,,,,,,,,,,,,,,,,,,,,,,,,,,,,,,,,,"785","1567","https://twitter.com/itsLaycon/with_replies","https://twitter.com/itsLaycon/status/1324857087994875904",,,,"427929010",,,,,,,,,"itsLaycon",
"1324417757757263873","2020-11-05T18:26:14.000Z","21859","SEE FINE BOYS 😌😌😌",,,,,"1324417757757263873","false","true","false","false",,,,,,,,,,"96","1692945202827755500","1324414684942970880","2020-11-05T18:14:01.000Z","22807","Capital city link up! 🦅 #OzLay https://t.co/CCKFShp0Oc","OzLay",,,,"1324414684942970880","false","false","false","false","https://pbs.twimg.com/media/EmFEIOfWkAEn5Ai.jpg","photo",,,,,,"384","894","2180","https://twitter.com/ozo_chukwu/status/1324414684942970880","1284943969189863424",,,,,,,,,"ozo_chukwu",,"563","2101","https://twitter.com/itsLaycon/with_replies","https://twitter.com/itsLaycon/status/1324417757757263873",,,,"427929010",,,,,,,,,"itsLaycon",
"1362028487574511620","2021-02-17T13:17:51.000Z","21669","I wrote a piece on @davido for @TIME 2021 NEXT 100!
https://t.co/8zNtelZgoa",,,,,"1362028487574511620","false","false","false","false",,,,,,,,,,"257",,,,,,,,,,,,,,,,,,,,,,,,,,,,,,,,,,,,,"604","3569","https://twitter.com/itsLaycon/with_replies","https://twitter.com/itsLaycon/status/1362028487574511620","time.com/collection/tim…","https://time.com/collection/time100-next-2021/5937740/davido/","https://t.co/8zNtelZgoa","427929010","192947735","Davido","https://twitter.com/davido","davido","14293310","TIME","https://twitter.com/TIME","TIME","itsLaycon",
"1363145396919369730","2021-02-20T15:16:03.000Z","21693","Fall for me! https://t.co/FD3rHCT7RI",,,,,"1363145396919369730","false","false","false","false","https://pbs.twimg.com/media/EurdgTtXAAE3aNc.jpg","photo",,,,,,,,"114",,,,,,,,,,,,,,,,,,,,,,,,,,,,,,,,,,,,,"649","1825","https://twitter.com/itsLaycon/with_replies","https://twitter.com/itsLaycon/status/1363145396919369730",,,,"427929010",,,,,,,,,"itsLaycon",
"1316844640906215425","2020-10-15T20:53:22.000Z","21533","Go @ozo_chukwu !!!",,,,,"1316844640906215425","false","false","false","false",,,,,,,,,,"131",,,,,,,,,,,,,,,,,,,,,,,,,,,,,,,,,,,,,"481","3117","https://twitter.com/itsLaycon/with_replies","https://twitter.com/itsLaycon/status/1316844640906215425",,,,"427929010","1284943969189863424","Ozoemena Chukwu⭕️","https://twitter.com/ozo_chukwu","ozo_chukwu",,,,,"itsLaycon",
